DivId,DeptId,ItmClsId,Brand,Fabric,Season,Tier,Treatment,Color,Silhouette,WeekNum,SlsUnitsCnt
30,400,2002,BrandC,Denim,Winter,Premium,Washed,Grey,Regular,19,13.36
30,200,2002,BrandB,Silk,Summer,Mid,Raw,Red,Slim,33,11.09
10,100,1003,BrandC,Polyester,Winter,Value,Raw,Navy,Relaxed,51,19.2
30,100,1001,BrandC,Polyester,Winter,Premium,Garment Dyed,Navy,Regular,9,10.56
30,400,2001,BrandA,Denim,Summer,Premium,Garment Dyed,Blue,Oversized,4,10.97
30,200,1002,BrandD,Polyester,Summer,Mid,Garment Dyed,Navy,Relaxed,48,16.92
10,200,2002,BrandD,Linen,Summer,Value,Washed,Blue,Slim,45,15.6
30,300,1003,BrandA,Denim,Fall,Premium,Distressed,Green,Regular,39,8.54
20,100,3001,BrandD,Linen,Fall,Mid,Distressed,White,Slim,35,9.08
30,200,1003,BrandA,Polyester,Summer,Premium,Distressed,Grey,Oversized,39,16.82
20,100,2002,BrandC,Denim,Spring,Premium,Garment Dyed,Grey,Relaxed,51,8.2
20,400,2001,BrandD,Silk,Winter,Mid,Raw,White,Oversized,28,8.33
10,300,3001,BrandA,Silk,Spring,Premium,Distressed,Grey,Regular,8,8.14
30,300,3001,BrandD,Cotton,Winter,Premium,Raw,Black,Regular,52,10.71
30,100,2002,BrandA,Cotton,Fall,Premium,Raw,Blue,Oversized,23,8.56
20,400,3001,BrandD,Silk,Fall,Value,Garment Dyed,White,Slim,38,15.18
20,200,1003,BrandC,Cotton,Spring,Value,Raw,Green,Relaxed,20,14.75
30,400,1001,BrandA,Polyester,Winter,Premium,Distressed,Red,Slim,25,10.96
20,300,2001,BrandD,Polyester,Winter,Premium,Garment Dyed,Red,Slim,2,12.43
30,100,1001,BrandC,Denim,Winter,Value,Garment Dyed,Navy,Oversized,33,13.88
20,400,2001,BrandB,Denim,Winter,Mid,Washed,White,Slim,29,8.48
10,100,2001,BrandA,Silk,Spring,Mid,Washed,Red,Oversized,8,10.49
10,400,2001,BrandC,Denim,Summer,Value,Raw,Navy,Regular,38,19.0
10,200,1001,BrandD,Cotton,Spring,Premium,Garment Dyed,White,Oversized,35,9.53
20,100,3001,BrandA,Denim,Winter,Premium,Washed,Green,Slim,46,9.22
10,400,1001,BrandD,Denim,Winter,Mid,Washed,Blue,Relaxed,3,14.04
30,200,1002,BrandC,Denim,Summer,Mid,Raw,Black,Oversized,33,14.84
20,300,1002,BrandA,Linen,Winter,Mid,Distressed,Black,Oversized,45,13.35
20,400,3001,BrandD,Denim,Fall,Value,Garment Dyed,Blue,Regular,32,17.73
10,200,1002,BrandB,Cotton,Winter,Mid,Raw,Grey,Regular,43,13.69
10,400,2001,BrandD,Linen,Fall,Mid,Washed,Red,Regular,47,10.4
20,300,1002,BrandA,Polyester,Spring,Mid,Distressed,Grey,Slim,12,7.41
30,200,3001,BrandB,Cotton,Winter,Premium,Washed,Black,Oversized,39,9.23
20,100,2002,BrandB,Silk,Spring,Value,Washed,Navy,Regular,52,13.1
10,300,2001,BrandA,Linen,Fall,Mid,Raw,Navy,Slim,36,11.81
10,400,2002,BrandA,Silk,Winter,Value,Raw,Black,Oversized,32,14.7
30,400,1001,BrandA,Linen,Fall,Value,Washed,Red,Relaxed,1,14.55
10,200,2002,BrandB,Polyester,Summer,Mid,Raw,White,Slim,7,9.66
10,300,2002,BrandD,Silk,Spring,Premium,Washed,Black,Oversized,10,13.13
20,100,3001,BrandD,Linen,Winter,Premium,Distressed,Green,Relaxed,25,10.34
10,200,2001,BrandD,Cotton,Summer,Premium,Distressed,White,Slim,36,9.35
20,300,2001,BrandC,Polyester,Fall,Premium,Washed,White,Oversized,25,9.44
10,300,1001,BrandC,Linen,Spring,Mid,Raw,Grey,Regular,31,16.28
30,400,1001,BrandB,Polyester,Winter,Premium,Washed,Navy,Relaxed,46,8.41
20,300,1002,BrandB,Linen,Spring,Premium,Raw,White,Oversized,48,11.19
10,400,2001,BrandB,Silk,Fall,Value,Washed,Red,Regular,39,11.69
30,200,1003,BrandA,Linen,Summer,Mid,Raw,Red,Oversized,8,15.62
20,100,2001,BrandA,Cotton,Winter,Premium,Raw,Green,Regular,44,11.15
30,100,3001,BrandA,Denim,Winter,Premium,Garment Dyed,White,Relaxed,20,8.8
10,100,3001,BrandB,Denim,Winter,Value,Washed,White,Oversized,10,16.78
10,400,1002,BrandD,Silk,Summer,Mid,Garment Dyed,Blue,Oversized,28,12.77
10,100,2002,BrandD,Linen,Winter,Premium,Washed,Navy,Relaxed,6,9.37
30,100,1002,BrandB,Polyester,Fall,Premium,Washed,Grey,Oversized,33,11.69
30,300,1001,BrandA,Cotton,Summer,Premium,Distressed,Grey,Slim,21,11.78
10,300,2002,BrandB,Denim,Spring,Value,Washed,Green,Slim,10,16.45
10,100,2001,BrandB,Cotton,Spring,Mid,Garment Dyed,Grey,Oversized,39,12.33
20,300,1003,BrandB,Silk,Spring,Mid,Garment Dyed,Green,Regular,30,9.37
10,100,3001,BrandB,Denim,Fall,Value,Raw,Red,Regular,38,16.98
30,300,1003,BrandC,Polyester,Winter,Premium,Raw,Black,Oversized,15,7.44
20,400,1001,BrandB,Cotton,Winter,Premium,Raw,Navy,Slim,2,10.13
30,300,1001,BrandC,Denim,Summer,Premium,Distressed,White,Relaxed,29,12.48
20,400,1002,BrandA,Linen,Summer,Premium,Washed,Black,Oversized,26,11.38
20,100,1003,BrandA,Polyester,Spring,Value,Washed,Navy,Relaxed,30,13.45
30,300,3001,BrandB,Polyester,Winter,Value,Raw,Blue,Slim,26,11.24
30,300,3001,BrandC,Silk,Spring,Mid,Raw,Navy,Relaxed,51,12.01
10,100,3001,BrandB,Silk,Spring,Premium,Washed,Red,Slim,4,8.46
20,300,2001,BrandC,Polyester,Fall,Premium,Garment Dyed,White,Regular,41,6.03
30,100,3001,BrandA,Cotton,Spring,Premium,Raw,Green,Regular,6,10.24
20,200,3001,BrandC,Cotton,Fall,Value,Distressed,Grey,Oversized,37,15.42
30,200,3001,BrandA,Denim,Summer,Premium,Raw,Grey,Relaxed,8,11.92
10,200,1002,BrandB,Silk,Fall,Premium,Garment Dyed,Black,Oversized,47,9.9
30,400,2002,BrandC,Denim,Spring,Mid,Raw,Blue,Slim,23,10.3
20,400,1001,BrandC,Linen,Spring,Premium,Washed,White,Relaxed,24,9.65
10,400,1003,BrandA,Polyester,Winter,Value,Distressed,Black,Oversized,22,17.2
30,100,2002,BrandB,Silk,Summer,Value,Washed,Green,Slim,19,17.5
10,200,3001,BrandD,Denim,Spring,Mid,Washed,Grey,Relaxed,15,14.7
30,200,3001,BrandA,Denim,Fall,Value,Raw,Navy,Relaxed,7,22.19
30,400,2002,BrandB,Cotton,Spring,Premium,Washed,White,Relaxed,33,9.87
20,100,1003,BrandB,Cotton,Summer,Mid,Washed,Grey,Relaxed,36,23.48
10,300,2001,BrandD,Linen,Summer,Value,Distressed,White,Relaxed,36,14.57
10,400,1003,BrandB,Polyester,Winter,Mid,Raw,Grey,Relaxed,26,9.64
10,100,2001,BrandC,Silk,Winter,Premium,Garment Dyed,Green,Oversized,42,9.54
20,300,2002,BrandB,Cotton,Summer,Value,Distressed,Black,Regular,37,18.88
30,100,1001,BrandA,Cotton,Summer,Premium,Washed,Blue,Slim,35,11.45
30,200,1002,BrandC,Polyester,Fall,Mid,Distressed,Black,Oversized,43,12.29
20,100,1001,BrandA,Linen,Fall,Value,Raw,Blue,Oversized,50,12.98
10,100,2001,BrandB,Silk,Fall,Premium,Garment Dyed,Black,Relaxed,1,13.98
20,400,3001,BrandA,Cotton,Spring,Premium,Raw,White,Regular,1,6.94
20,200,2001,BrandA,Polyester,Summer,Mid,Distressed,Grey,Oversized,1,12.91
30,200,1002,BrandD,Cotton,Fall,Value,Garment Dyed,Blue,Relaxed,29,19.88
30,400,1003,BrandC,Linen,Winter,Mid,Washed,Grey,Slim,3,13.34
20,400,3001,BrandC,Silk,Winter,Premium,Raw,Green,Regular,31,9.71
20,300,1001,BrandC,Linen,Fall,Premium,Distressed,Red,Slim,18,6.62
20,300,2001,BrandD,Linen,Spring,Mid,Garment Dyed,Navy,Slim,34,10.21
20,200,2001,BrandD,Cotton,Summer,Mid,Garment Dyed,White,Regular,23,16.09
30,100,3001,BrandB,Denim,Summer,Mid,Raw,Green,Slim,34,16.23
20,400,2002,BrandB,Silk,Spring,Mid,Raw,Black,Slim,25,13.1
10,100,1002,BrandA,Cotton,Summer,Premium,Garment Dyed,Navy,Regular,46,15.36
30,100,1003,BrandA,Silk,Fall,Mid,Washed,Green,Relaxed,40,9.35
20,200,3001,BrandB,Linen,Winter,Premium,Raw,Red,Relaxed,20,8.83
20,300,2002,BrandC,Polyester,Spring,Mid,Raw,Green,Slim,9,10.63
10,300,1003,BrandC,Polyester,Spring,Value,Raw,Navy,Regular,12,16.08
30,100,2002,BrandA,Polyester,Spring,Value,Washed,Grey,Oversized,16,16.58
20,400,3001,BrandD,Cotton,Summer,Premium,Garment Dyed,Grey,Relaxed,26,16.63
20,400,1001,BrandC,Polyester,Spring,Mid,Raw,Grey,Regular,15,8.52
20,400,1003,BrandB,Denim,Summer,Value,Washed,Navy,Relaxed,24,17.48
30,100,1003,BrandD,Polyester,Fall,Value,Garment Dyed,Grey,Relaxed,49,11.54
10,200,2001,BrandB,Polyester,Fall,Value,Raw,Blue,Regular,13,20.36
30,300,3001,BrandD,Linen,Summer,Premium,Washed,Navy,Slim,44,8.17
10,100,3001,BrandA,Denim,Spring,Mid,Garment Dyed,Navy,Regular,4,9.15
10,100,3001,BrandC,Cotton,Fall,Premium,Washed,Red,Oversized,37,12.26
20,400,1003,BrandB,Linen,Summer,Premium,Distressed,Red,Oversized,8,10.87
10,300,2002,BrandB,Polyester,Fall,Mid,Washed,Blue,Slim,49,13.87
20,100,1003,BrandD,Denim,Summer,Premium,Garment Dyed,Green,Relaxed,25,11.51
20,300,1001,BrandD,Denim,Fall,Premium,Washed,White,Slim,34,16.58
30,200,2001,BrandC,Denim,Spring,Mid,Raw,Navy,Slim,48,15.99
20,400,2002,BrandD,Linen,Fall,Mid,Distressed,Blue,Oversized,27,15.35
10,300,1003,BrandD,Cotton,Spring,Value,Washed,Black,Slim,42,18.79
30,100,1003,BrandA,Polyester,Spring,Value,Distressed,Grey,Regular,10,18.39
30,200,2002,BrandB,Denim,Spring,Premium,Washed,Grey,Regular,24,12.68
30,200,1002,BrandA,Polyester,Fall,Value,Raw,Green,Slim,22,15.45
10,400,3001,BrandA,Polyester,Summer,Premium,Raw,Blue,Oversized,18,11.35
10,400,2001,BrandC,Denim,Winter,Premium,Garment Dyed,Grey,Slim,11,11.34
30,200,1002,BrandB,Polyester,Spring,Premium,Distressed,Green,Slim,39,10.49
30,400,1002,BrandC,Silk,Summer,Value,Distressed,White,Slim,44,13.61
20,400,3001,BrandC,Polyester,Spring,Value,Garment Dyed,Black,Slim,24,12.23
30,400,2001,BrandB,Cotton,Spring,Premium,Washed,Grey,Relaxed,46,6.17
20,300,2001,BrandB,Cotton,Summer,Mid,Distressed,Black,Regular,44,17.55
10,400,3001,BrandB,Linen,Spring,Mid,Garment Dyed,White,Oversized,13,10.2
30,300,3001,BrandD,Denim,Spring,Premium,Washed,Red,Regular,41,11.9
10,100,2001,BrandA,Silk,Winter,Premium,Raw,Blue,Oversized,33,4.22
20,200,1002,BrandB,Polyester,Summer,Mid,Raw,Grey,Regular,42,15.93
30,100,1003,BrandC,Cotton,Summer,Premium,Distressed,Grey,Oversized,41,15.54
20,300,1003,BrandC,Denim,Winter,Mid,Raw,Navy,Regular,3,11.22
20,300,1002,BrandB,Silk,Fall,Premium,Washed,Green,Relaxed,19,9.12
30,400,1003,BrandD,Polyester,Summer,Mid,Distressed,Navy,Slim,32,9.42
20,300,1003,BrandA,Linen,Summer,Value,Distressed,Black,Relaxed,12,19.33
10,400,2001,BrandD,Silk,Winter,Mid,Washed,White,Oversized,41,9.89
20,300,1002,BrandD,Polyester,Fall,Value,Raw,Navy,Slim,12,16.25
20,400,2001,BrandD,Polyester,Winter,Mid,Raw,Blue,Relaxed,37,12.14
20,200,2001,BrandA,Cotton,Winter,Mid,Distressed,Navy,Slim,25,12.4
10,300,1003,BrandB,Denim,Summer,Mid,Garment Dyed,Blue,Slim,10,12.2
10,400,1003,BrandD,Cotton,Spring,Mid,Garment Dyed,Red,Slim,43,15.6
30,300,3001,BrandD,Denim,Spring,Mid,Raw,Blue,Slim,37,11.6
30,300,3001,BrandA,Linen,Fall,Premium,Washed,Black,Relaxed,14,13.9
20,200,1001,BrandB,Linen,Spring,Value,Distressed,Grey,Relaxed,50,14.71
30,400,3001,BrandA,Silk,Winter,Mid,Raw,Red,Relaxed,8,13.52
30,200,1002,BrandA,Polyester,Fall,Mid,Raw,Blue,Regular,17,11.8
10,400,1003,BrandD,Cotton,Summer,Premium,Washed,White,Relaxed,16,9.74
20,200,3001,BrandC,Cotton,Spring,Premium,Washed,Green,Slim,13,10.68
20,100,3001,BrandB,Silk,Summer,Value,Raw,Blue,Regular,13,11.11
30,100,2002,BrandC,Cotton,Winter,Mid,Distressed,Grey,Slim,19,9.3
10,400,1001,BrandC,Silk,Summer,Mid,Distressed,White,Oversized,46,11.03
20,200,2001,BrandA,Linen,Summer,Premium,Garment Dyed,Green,Regular,48,11.8
30,300,3001,BrandB,Polyester,Winter,Value,Distressed,Green,Slim,23,15.28
10,100,3001,BrandC,Polyester,Summer,Premium,Garment Dyed,Green,Oversized,46,10.8
30,400,1002,BrandD,Polyester,Summer,Premium,Washed,Red,Regular,25,15.22
30,300,1001,BrandB,Linen,Summer,Mid,Distressed,Navy,Slim,44,16.66
30,100,3001,BrandB,Linen,Summer,Premium,Raw,Black,Relaxed,10,10.44
20,300,2002,BrandD,Polyester,Winter,Value,Garment Dyed,Red,Relaxed,10,16.85
20,100,1002,BrandA,Cotton,Fall,Mid,Washed,Grey,Slim,17,15.17
30,200,1001,BrandB,Linen,Spring,Premium,Raw,Black,Regular,35,6.76
20,200,2002,BrandC,Cotton,Spring,Value,Distressed,Red,Regular,19,12.61
10,100,2001,BrandC,Cotton,Winter,Premium,Distressed,Navy,Slim,39,10.26
20,400,2002,BrandD,Denim,Winter,Premium,Garment Dyed,Navy,Oversized,50,8.17
20,300,2001,BrandB,Cotton,Fall,Mid,Distressed,Navy,Oversized,8,11.99
10,100,2002,BrandC,Cotton,Fall,Mid,Raw,Navy,Slim,16,12.23
20,100,2001,BrandC,Linen,Winter,Premium,Washed,Navy,Slim,20,14.17
10,100,2001,BrandB,Silk,Summer,Premium,Raw,Red,Slim,23,5.03
20,300,1002,BrandD,Polyester,Fall,Mid,Distressed,Navy,Relaxed,15,12.98
20,400,1001,BrandB,Polyester,Spring,Value,Raw,Blue,Regular,14,16.51
10,300,1002,BrandC,Polyester,Fall,Mid,Raw,Red,Regular,10,11.0
20,100,2001,BrandC,Cotton,Summer,Mid,Raw,Green,Oversized,3,13.66
20,400,1001,BrandC,Silk,Spring,Premium,Distressed,Navy,Oversized,18,9.91
10,300,3001,BrandB,Silk,Fall,Value,Distressed,White,Slim,19,15.4
30,400,1001,BrandC,Denim,Spring,Value,Washed,Black,Oversized,46,20.44
10,400,2001,BrandC,Cotton,Spring,Value,Garment Dyed,Red,Slim,52,19.8
30,200,2002,BrandC,Denim,Winter,Mid,Raw,Grey,Slim,22,12.94
20,300,2002,BrandB,Linen,Summer,Value,Raw,Grey,Slim,1,13.33
10,100,2001,BrandA,Denim,Spring,Value,Distressed,Green,Oversized,26,18.32
20,400,1003,BrandA,Linen,Winter,Premium,Raw,Blue,Slim,42,13.16
10,200,2001,BrandD,Linen,Spring,Mid,Raw,Blue,Oversized,40,14.69
20,400,1003,BrandB,Cotton,Fall,Premium,Garment Dyed,Grey,Oversized,45,6.91
10,300,1003,BrandA,Linen,Fall,Value,Garment Dyed,Black,Slim,20,17.9
20,400,1003,BrandD,Denim,Fall,Value,Garment Dyed,White,Relaxed,5,18.83
30,400,2001,BrandA,Cotton,Spring,Mid,Distressed,Blue,Relaxed,49,12.74
10,100,1001,BrandB,Polyester,Summer,Premium,Garment Dyed,Red,Relaxed,40,11.5
20,300,1002,BrandC,Cotton,Winter,Mid,Distressed,Black,Slim,40,11.88
10,200,3001,BrandD,Silk,Spring,Value,Raw,Black,Oversized,21,13.06
30,200,2002,BrandA,Linen,Summer,Mid,Garment Dyed,Navy,Relaxed,23,18.43
20,200,1003,BrandA,Silk,Spring,Premium,Raw,Blue,Slim,21,8.35
10,200,1003,BrandA,Linen,Spring,Value,Distressed,Navy,Relaxed,23,16.81
30,100,2002,BrandC,Polyester,Summer,Premium,Garment Dyed,Green,Relaxed,1,16.43
10,200,2002,BrandD,Denim,Fall,Mid,Washed,Green,Slim,52,15.6
20,200,2001,BrandA,Cotton,Summer,Premium,Washed,Red,Relaxed,16,11.13
20,400,3001,BrandC,Polyester,Spring,Mid,Washed,Navy,Oversized,39,12.09
10,100,2001,BrandA,Silk,Spring,Mid,Distressed,Green,Oversized,52,16.6
30,400,2001,BrandC,Cotton,Fall,Mid,Distressed,Navy,Oversized,45,13.59
10,300,2001,BrandD,Denim,Winter,Premium,Garment Dyed,Navy,Relaxed,49,13.94
30,300,1003,BrandA,Silk,Summer,Premium,Washed,Black,Regular,4,4.51
30,200,3001,BrandD,Denim,Fall,Premium,Raw,Green,Slim,52,6.72
10,300,2002,BrandC,Linen,Fall,Mid,Distressed,Navy,Regular,51,12.2
10,100,1002,BrandD,Linen,Winter,Mid,Raw,Red,Regular,39,9.59
10,400,2002,BrandB,Silk,Summer,Mid,Raw,Red,Relaxed,35,12.64
20,400,3001,BrandC,Polyester,Spring,Premium,Raw,Red,Slim,45,12.41
10,400,1002,BrandA,Denim,Fall,Mid,Distressed,Grey,Regular,32,19.36
30,400,2002,BrandB,Polyester,Winter,Mid,Washed,Green,Regular,21,13.94
30,300,1001,BrandA,Silk,Spring,Premium,Washed,Black,Regular,4,9.63
20,300,1001,BrandA,Linen,Spring,Mid,Garment Dyed,Blue,Relaxed,41,8.47
20,100,1002,BrandA,Linen,Summer,Mid,Garment Dyed,Black,Regular,10,10.7
10,300,3001,BrandD,Silk,Fall,Mid,Distressed,White,Relaxed,49,11.99
20,400,3001,BrandC,Linen,Fall,Mid,Garment Dyed,Red,Regular,27,10.15
20,100,1002,BrandA,Denim,Winter,Premium,Raw,Red,Relaxed,6,6.84
10,300,1003,BrandD,Silk,Summer,Premium,Garment Dyed,Green,Slim,8,9.99
20,400,1002,BrandB,Silk,Winter,Mid,Garment Dyed,Blue,Relaxed,16,8.58
10,400,2001,BrandD,Denim,Spring,Mid,Raw,Navy,Regular,19,10.98
20,300,1001,BrandC,Linen,Fall,Premium,Washed,Navy,Slim,34,5.47
30,100,1001,BrandC,Cotton,Winter,Premium,Garment Dyed,Blue,Regular,5,11.21
10,400,3001,BrandB,Denim,Winter,Premium,Distressed,Blue,Relaxed,44,16.57
20,200,2002,BrandD,Polyester,Summer,Premium,Washed,White,Oversized,34,7.64
20,300,1001,BrandC,Cotton,Spring,Value,Raw,Grey,Relaxed,35,19.37
30,300,3001,BrandA,Silk,Winter,Premium,Garment Dyed,Grey,Relaxed,3,6.32
20,300,2002,BrandC,Cotton,Spring,Premium,Raw,Red,Regular,36,10.18
30,300,1003,BrandC,Polyester,Winter,Mid,Raw,Navy,Oversized,8,13.07
30,200,1003,BrandD,Cotton,Spring,Mid,Raw,Navy,Relaxed,22,14.52
10,400,2001,BrandA,Cotton,Fall,Value,Washed,Red,Relaxed,47,18.82
10,400,1001,BrandB,Cotton,Winter,Premium,Garment Dyed,Red,Slim,14,11.15
30,400,2001,BrandD,Polyester,Spring,Premium,Raw,Navy,Slim,16,7.81
30,300,3001,BrandB,Linen,Fall,Premium,Washed,Red,Slim,3,11.07
30,100,1002,BrandD,Cotton,Winter,Premium,Distressed,Grey,Oversized,12,13.41
30,100,1003,BrandB,Silk,Spring,Mid,Garment Dyed,Green,Relaxed,38,7.8
20,400,2002,BrandC,Silk,Summer,Mid,Distressed,Grey,Slim,1,9.25
20,100,1002,BrandA,Linen,Winter,Mid,Raw,White,Oversized,19,10.19
20,300,2002,BrandD,Cotton,Spring,Premium,Raw,Black,Regular,49,6.02
10,200,2002,BrandA,Cotton,Winter,Mid,Raw,White,Regular,41,8.22
30,300,1001,BrandC,Linen,Winter,Value,Raw,White,Relaxed,13,13.27
30,400,2002,BrandA,Linen,Winter,Premium,Garment Dyed,Black,Slim,26,8.07
20,200,1002,BrandD,Cotton,Fall,Mid,Washed,White,Relaxed,28,10.63
20,300,1001,BrandC,Polyester,Fall,Premium,Washed,Blue,Regular,51,12.63
10,300,2001,BrandC,Silk,Summer,Value,Washed,Blue,Slim,38,18.4
20,100,1001,BrandB,Silk,Fall,Value,Washed,Grey,Slim,15,13.43
10,200,2001,BrandA,Denim,Summer,Value,Washed,Grey,Slim,38,14.32
20,400,1003,BrandC,Silk,Winter,Value,Washed,Grey,Relaxed,40,9.43
10,400,1002,BrandD,Silk,Spring,Value,Garment Dyed,Green,Oversized,1,9.67
10,200,2001,BrandB,Silk,Fall,Value,Distressed,Grey,Relaxed,11,15.56
20,100,2001,BrandA,Linen,Summer,Premium,Raw,White,Relaxed,11,11.02
20,200,1003,BrandD,Denim,Summer,Value,Raw,Navy,Relaxed,15,18.24
10,300,3001,BrandD,Polyester,Winter,Premium,Washed,Green,Slim,47,11.05
20,400,2002,BrandA,Cotton,Spring,Premium,Raw,Green,Regular,23,9.17
10,100,3001,BrandC,Silk,Spring,Value,Distressed,Red,Relaxed,1,11.74
30,100,1002,BrandC,Silk,Fall,Premium,Washed,White,Oversized,18,9.44
10,400,2001,BrandA,Cotton,Spring,Mid,Distressed,Grey,Oversized,27,13.74
10,300,2001,BrandB,Linen,Summer,Value,Distressed,Red,Slim,17,18.17
20,300,1002,BrandD,Denim,Spring,Mid,Garment Dyed,Grey,Relaxed,27,10.9
20,100,1003,BrandA,Denim,Summer,Value,Distressed,Grey,Relaxed,4,18.2
30,200,1003,BrandC,Linen,Spring,Value,Raw,Green,Relaxed,16,13.72
20,300,1003,BrandB,Polyester,Summer,Mid,Washed,Red,Regular,41,12.44
30,300,1001,BrandD,Cotton,Spring,Premium,Distressed,Green,Slim,40,13.34
10,300,1001,BrandD,Denim,Summer,Value,Garment Dyed,Grey,Slim,34,18.05
30,400,1003,BrandB,Silk,Spring,Premium,Garment Dyed,Blue,Slim,19,4.46
10,300,1002,BrandB,Silk,Winter,Mid,Garment Dyed,Blue,Regular,26,8.86
30,200,3001,BrandC,Denim,Summer,Premium,Distressed,Green,Relaxed,1,12.12
10,100,1003,BrandA,Denim,Spring,Premium,Raw,Grey,Slim,23,8.87
20,200,1002,BrandD,Silk,Spring,Value,Raw,Navy,Relaxed,4,16.37
20,400,3001,BrandB,Polyester,Winter,Mid,Distressed,White,Slim,12,13.63
20,400,3001,BrandB,Cotton,Fall,Mid,Garment Dyed,Black,Regular,5,12.93
30,100,1001,BrandC,Denim,Spring,Value,Raw,Red,Oversized,36,13.11
30,100,1001,BrandB,Polyester,Spring,Premium,Garment Dyed,White,Slim,10,9.11
30,100,2002,BrandA,Silk,Fall,Premium,Garment Dyed,Grey,Slim,30,7.96
30,400,1001,BrandC,Polyester,Winter,Mid,Distressed,Red,Slim,7,9.34
30,200,1001,BrandA,Denim,Summer,Mid,Washed,Red,Slim,23,14.61
20,300,2001,BrandB,Silk,Winter,Premium,Garment Dyed,Navy,Regular,1,6.45
30,100,1001,BrandA,Polyester,Spring,Value,Washed,Blue,Regular,13,10.92
30,200,1001,BrandD,Silk,Winter,Premium,Distressed,Black,Oversized,26,4.84
30,100,2001,BrandB,Silk,Fall,Mid,Washed,Blue,Relaxed,47,12.97
20,300,2001,BrandA,Silk,Winter,Value,Washed,Red,Slim,7,8.65
30,400,1001,BrandC,Cotton,Winter,Premium,Raw,White,Oversized,40,9.63
30,400,2001,BrandB,Silk,Summer,Premium,Distressed,Green,Oversized,32,10.47
20,100,1001,BrandC,Polyester,Winter,Value,Raw,Black,Regular,25,14.26
30,300,2001,BrandC,Denim,Spring,Premium,Distressed,Red,Regular,24,13.7
30,100,3001,BrandB,Polyester,Spring,Mid,Washed,Red,Oversized,41,12.67
10,200,2002,BrandB,Linen,Summer,Mid,Raw,Navy,Regular,18,11.83
30,200,1003,BrandB,Linen,Winter,Premium,Distressed,Red,Slim,17,5.52
20,100,2001,BrandC,Silk,Winter,Value,Raw,Navy,Slim,12,11.43
30,300,3001,BrandB,Polyester,Summer,Mid,Garment Dyed,Red,Relaxed,29,11.01
20,200,2002,BrandB,Silk,Fall,Mid,Washed,White,Relaxed,17,8.06
20,100,3001,BrandD,Cotton,Spring,Mid,Garment Dyed,Green,Oversized,28,12.1
20,300,1003,BrandB,Linen,Fall,Premium,Washed,White,Oversized,13,7.96
20,400,1003,BrandB,Denim,Spring,Premium,Washed,Grey,Slim,3,9.31
20,200,1001,BrandB,Linen,Winter,Premium,Garment Dyed,Green,Relaxed,18,6.04
20,200,2002,BrandD,Silk,Fall,Mid,Distressed,White,Slim,41,11.79
10,100,2001,BrandA,Denim,Winter,Value,Washed,White,Oversized,26,15.46
30,300,1002,BrandD,Linen,Spring,Mid,Garment Dyed,Grey,Regular,20,11.25
30,400,3001,BrandD,Cotton,Fall,Mid,Distressed,White,Slim,1,13.02
30,100,2001,BrandB,Linen,Winter,Mid,Garment Dyed,White,Regular,49,13.61
10,200,1001,BrandA,Linen,Spring,Mid,Raw,Green,Slim,10,14.72
10,100,2001,BrandC,Denim,Summer,Value,Garment Dyed,Red,Oversized,38,19.19
20,200,2002,BrandA,Denim,Fall,Mid,Washed,Navy,Oversized,47,19.48
20,100,3001,BrandA,Cotton,Winter,Value,Distressed,Grey,Regular,10,14.56
20,200,1001,BrandA,Silk,Winter,Value,Washed,White,Slim,37,13.3
10,300,2001,BrandA,Cotton,Fall,Mid,Garment Dyed,Grey,Oversized,39,16.54
20,100,1001,BrandB,Denim,Spring,Premium,Washed,Green,Regular,6,9.8
10,300,1001,BrandD,Linen,Fall,Premium,Washed,White,Regular,15,11.02
20,200,1001,BrandB,Polyester,Spring,Value,Garment Dyed,White,Slim,19,13.97
30,100,1001,BrandA,Denim,Winter,Mid,Garment Dyed,Green,Oversized,35,11.06
30,400,2001,BrandC,Polyester,Winter,Mid,Distressed,Black,Slim,8,12.94
30,200,1003,BrandC,Polyester,Winter,Premium,Washed,Red,Regular,11,8.46
20,100,3001,BrandD,Denim,Spring,Mid,Raw,Black,Relaxed,22,16.61
30,300,2001,BrandA,Linen,Winter,Mid,Distressed,Grey,Relaxed,14,13.49
10,100,1002,BrandB,Linen,Summer,Premium,Raw,Navy,Regular,5,12.88
20,200,2001,BrandA,Cotton,Fall,Premium,Garment Dyed,Grey,Relaxed,3,8.11
20,200,3001,BrandB,Denim,Fall,Value,Distressed,Green,Relaxed,38,15.95
30,400,1003,BrandC,Polyester,Summer,Premium,Raw,Navy,Relaxed,6,10.28
10,300,2001,BrandC,Silk,Summer,Premium,Garment Dyed,Black,Relaxed,26,10.0
20,300,2002,BrandC,Silk,Summer,Mid,Washed,Green,Oversized,1,14.18
10,200,2001,BrandA,Linen,Summer,Mid,Garment Dyed,Navy,Oversized,38,8.82
20,200,1003,BrandD,Denim,Spring,Value,Washed,Red,Relaxed,15,14.48
10,200,1002,BrandD,Linen,Winter,Value,Washed,Green,Relaxed,47,16.7
10,100,3001,BrandA,Denim,Winter,Mid,Garment Dyed,White,Slim,50,8.4
30,200,1002,BrandB,Denim,Winter,Value,Distressed,Green,Oversized,46,16.2
30,400,1003,BrandB,Denim,Summer,Mid,Washed,Black,Slim,6,11.5
20,300,1003,BrandD,Polyester,Winter,Mid,Garment Dyed,White,Slim,15,14.73
20,400,1003,BrandB,Cotton,Spring,Mid,Garment Dyed,Grey,Slim,43,14.63
20,200,1002,BrandA,Cotton,Summer,Mid,Washed,Green,Slim,49,10.27
30,300,2002,BrandC,Silk,Fall,Value,Garment Dyed,Green,Slim,4,14.27
10,300,1002,BrandD,Cotton,Spring,Value,Raw,Grey,Oversized,5,13.01
20,200,1001,BrandA,Linen,Spring,Premium,Raw,White,Slim,35,11.61
30,400,1003,BrandB,Cotton,Fall,Mid,Washed,Green,Relaxed,37,14.99
30,400,2002,BrandA,Linen,Summer,Premium,Raw,Red,Regular,30,11.72
20,300,2001,BrandC,Silk,Summer,Premium,Raw,Red,Relaxed,14,12.59
30,300,3001,BrandC,Silk,Winter,Value,Washed,Black,Relaxed,33,12.41
10,100,1002,BrandB,Denim,Spring,Mid,Washed,Blue,Slim,48,14.21
10,400,2002,BrandA,Polyester,Spring,Value,Washed,Green,Regular,49,14.2
10,300,1001,BrandC,Linen,Fall,Value,Washed,Green,Relaxed,32,14.63
20,400,1001,BrandD,Cotton,Spring,Premium,Raw,Black,Relaxed,44,12.34
20,100,2002,BrandC,Denim,Fall,Premium,Raw,Navy,Slim,40,12.38
20,400,3001,BrandB,Silk,Fall,Premium,Garment Dyed,Red,Relaxed,28,9.26
20,300,2001,BrandD,Linen,Fall,Mid,Washed,White,Relaxed,3,9.84
30,300,3001,BrandD,Denim,Winter,Value,Raw,Grey,Relaxed,32,14.52
30,400,1002,BrandA,Cotton,Winter,Premium,Raw,Blue,Slim,48,17.5
20,400,1001,BrandC,Linen,Fall,Premium,Distressed,Grey,Oversized,9,9.72
30,300,2002,BrandD,Polyester,Winter,Mid,Washed,Green,Regular,42,11.18
30,200,1003,BrandA,Linen,Fall,Mid,Raw,Navy,Oversized,10,15.08
30,200,1002,BrandB,Cotton,Winter,Mid,Raw,Black,Relaxed,3,10.8
10,200,2002,BrandD,Silk,Spring,Mid,Raw,Green,Relaxed,36,14.59
30,300,3001,BrandD,Silk,Summer,Premium,Garment Dyed,Red,Slim,28,14.7
20,200,2002,BrandA,Denim,Fall,Premium,Garment Dyed,Navy,Regular,48,13.4
10,300,2002,BrandB,Polyester,Summer,Value,Washed,Navy,Slim,38,15.67
30,100,1003,BrandD,Linen,Summer,Value,Washed,White,Relaxed,31,18.92
30,200,2001,BrandD,Linen,Fall,Mid,Raw,Grey,Regular,24,10.04
30,300,1003,BrandB,Denim,Fall,Premium,Washed,Green,Regular,19,11.92
20,100,1003,BrandA,Silk,Winter,Value,Distressed,White,Regular,34,16.36
30,100,1003,BrandA,Silk,Summer,Mid,Washed,Blue,Oversized,38,18.18
30,200,1002,BrandD,Denim,Spring,Premium,Distressed,Black,Relaxed,25,9.08
10,400,2001,BrandA,Silk,Summer,Mid,Raw,Grey,Slim,29,13.14
20,400,3001,BrandB,Denim,Winter,Mid,Raw,Green,Slim,2,8.23
20,200,1003,BrandD,Silk,Winter,Value,Raw,Red,Oversized,29,13.45
20,200,1003,BrandC,Linen,Fall,Value,Garment Dyed,White,Slim,23,12.14
30,300,2001,BrandA,Polyester,Spring,Value,Distressed,Grey,Slim,8,14.13
10,300,2001,BrandA,Cotton,Winter,Mid,Raw,Green,Relaxed,46,10.82
20,200,1003,BrandD,Polyester,Summer,Mid,Garment Dyed,Red,Relaxed,37,12.96
10,200,2001,BrandB,Silk,Spring,Premium,Washed,Red,Slim,26,2.57
20,300,3001,BrandB,Denim,Winter,Mid,Garment Dyed,Navy,Slim,38,14.21
10,300,1002,BrandA,Polyester,Spring,Mid,Washed,Navy,Slim,25,10.8
10,300,1002,BrandC,Linen,Spring,Premium,Garment Dyed,Red,Regular,27,2.53
30,400,1001,BrandC,Polyester,Winter,Value,Distressed,Red,Relaxed,25,13.56
10,100,1001,BrandA,Denim,Spring,Premium,Garment Dyed,Blue,Regular,31,14.51
30,200,3001,BrandD,Silk,Spring,Mid,Distressed,Red,Relaxed,45,10.68
10,200,3001,BrandA,Denim,Summer,Value,Garment Dyed,White,Oversized,49,22.68
30,200,2001,BrandA,Linen,Fall,Mid,Raw,Black,Oversized,52,16.29
10,100,2002,BrandA,Polyester,Winter,Mid,Distressed,Green,Relaxed,46,11.43
10,100,2001,BrandA,Linen,Winter,Value,Raw,Navy,Regular,17,17.92
20,100,3001,BrandB,Polyester,Spring,Value,Washed,Navy,Slim,48,12.69
20,400,2002,BrandC,Silk,Summer,Premium,Washed,Red,Slim,47,6.12
20,400,1001,BrandD,Silk,Spring,Premium,Raw,Black,Slim,8,7.58
20,300,1003,BrandC,Denim,Fall,Premium,Washed,Blue,Slim,21,13.14
20,200,1002,BrandB,Linen,Spring,Value,Raw,Black,Slim,35,12.51
30,300,2001,BrandC,Cotton,Summer,Value,Garment Dyed,Navy,Oversized,2,11.5
20,200,1001,BrandC,Silk,Summer,Premium,Garment Dyed,Blue,Oversized,17,8.32
30,400,1001,BrandB,Polyester,Winter,Premium,Distressed,Red,Oversized,24,10.06
30,100,2001,BrandC,Linen,Spring,Value,Raw,White,Regular,24,10.13
30,300,2002,BrandC,Polyester,Fall,Premium,Distressed,White,Oversized,41,13.95
20,300,1002,BrandD,Silk,Fall,Value,Garment Dyed,Grey,Oversized,1,16.14
10,400,3001,BrandA,Linen,Spring,Mid,Washed,Grey,Regular,46,11.39
10,400,1001,BrandB,Linen,Summer,Premium,Distressed,Red,Relaxed,23,9.22
30,400,1002,BrandB,Cotton,Winter,Premium,Garment Dyed,Grey,Relaxed,5,14.23
10,400,1003,BrandA,Linen,Spring,Premium,Distressed,Blue,Slim,40,6.16
20,100,1003,BrandD,Linen,Spring,Mid,Garment Dyed,Blue,Regular,9,10.42
30,200,2001,BrandA,Silk,Spring,Value,Raw,Green,Relaxed,1,14.59
10,200,3001,BrandC,Linen,Winter,Mid,Distressed,Black,Slim,26,9.83
20,100,3001,BrandC,Linen,Fall,Mid,Washed,White,Slim,49,12.0
20,200,2002,BrandB,Silk,Summer,Mid,Distressed,Blue,Regular,4,10.6
10,300,2001,BrandC,Denim,Fall,Value,Distressed,Red,Relaxed,17,18.39
10,100,1001,BrandC,Denim,Summer,Premium,Distressed,Red,Slim,6,13.67
30,300,3001,BrandD,Denim,Winter,Mid,Garment Dyed,Green,Regular,28,13.61
30,300,1001,BrandC,Linen,Summer,Value,Garment Dyed,Red,Relaxed,39,12.79
20,200,3001,BrandB,Polyester,Spring,Premium,Washed,Grey,Oversized,34,10.31
20,100,3001,BrandD,Silk,Spring,Value,Raw,Blue,Regular,15,14.07
10,200,2001,BrandB,Denim,Fall,Value,Raw,White,Relaxed,17,13.15
20,400,3001,BrandC,Cotton,Winter,Mid,Garment Dyed,Grey,Relaxed,13,8.6
30,200,1001,BrandB,Cotton,Fall,Premium,Washed,Grey,Regular,19,14.75
10,400,1002,BrandA,Cotton,Summer,Mid,Raw,Black,Regular,30,12.12
20,300,2001,BrandD,Polyester,Summer,Value,Distressed,White,Slim,21,15.19
20,400,1001,BrandB,Polyester,Summer,Value,Distressed,Black,Relaxed,18,15.44
10,400,1003,BrandC,Polyester,Winter,Premium,Garment Dyed,Grey,Regular,2,12.14
30,300,3001,BrandC,Silk,Winter,Premium,Raw,White,Slim,17,11.46
10,200,2001,BrandD,Linen,Fall,Premium,Raw,Grey,Oversized,14,12.0
30,400,3001,BrandD,Denim,Spring,Mid,Washed,Green,Relaxed,52,17.12
30,400,1002,BrandB,Polyester,Spring,Mid,Garment Dyed,Navy,Slim,19,10.96
10,300,1003,BrandC,Silk,Fall,Value,Washed,Red,Slim,32,14.51
30,200,1003,BrandA,Polyester,Winter,Premium,Garment Dyed,Blue,Slim,42,13.6
10,100,1003,BrandC,Linen,Winter,Mid,Distressed,Red,Regular,2,8.97
20,300,2002,BrandC,Denim,Winter,Premium,Distressed,Grey,Slim,4,10.58
30,400,1001,BrandC,Silk,Spring,Mid,Distressed,Blue,Regular,24,7.28
30,400,1002,BrandC,Denim,Spring,Value,Garment Dyed,White,Regular,27,14.77
20,400,3001,BrandD,Cotton,Winter,Premium,Raw,Red,Regular,40,10.62
20,200,2002,BrandB,Linen,Summer,Premium,Garment Dyed,Blue,Relaxed,27,12.83
10,400,1002,BrandA,Polyester,Winter,Premium,Raw,Red,Relaxed,2,8.72
20,300,1002,BrandC,Cotton,Summer,Mid,Washed,Grey,Oversized,37,15.64
20,100,1002,BrandD,Polyester,Winter,Mid,Garment Dyed,Navy,Oversized,6,9.85
20,300,2002,BrandD,Cotton,Winter,Premium,Washed,Red,Oversized,18,13.48
10,400,2002,BrandD,Denim,Summer,Value,Distressed,Navy,Regular,12,19.42
20,100,3001,BrandD,Silk,Spring,Premium,Raw,Grey,Oversized,34,7.25
20,300,1003,BrandA,Linen,Fall,Value,Washed,Red,Relaxed,46,21.88
10,300,2001,BrandC,Linen,Spring,Premium,Raw,Grey,Slim,31,8.05
30,100,2001,BrandD,Denim,Fall,Value,Raw,White,Slim,26,14.35
30,100,1002,BrandA,Cotton,Spring,Mid,Washed,Red,Regular,8,7.88
30,400,2001,BrandD,Linen,Winter,Premium,Distressed,Red,Relaxed,19,8.8
10,100,2001,BrandA,Silk,Winter,Value,Washed,Green,Regular,43,19.97
10,400,1003,BrandD,Denim,Winter,Value,Distressed,Grey,Regular,11,13.17
20,200,1003,BrandC,Silk,Summer,Premium,Raw,Red,Slim,35,8.04
30,300,2002,BrandD,Cotton,Winter,Mid,Raw,Navy,Oversized,43,13.23
10,400,1001,BrandA,Cotton,Spring,Mid,Raw,Black,Oversized,4,9.1
20,100,2002,BrandC,Polyester,Winter,Value,Distressed,Black,Regular,25,9.83
20,200,1003,BrandB,Silk,Spring,Value,Garment Dyed,Navy,Regular,52,12.19
20,300,2002,BrandD,Silk,Summer,Mid,Garment Dyed,Grey,Slim,42,9.73
10,100,1002,BrandB,Cotton,Fall,Premium,Raw,Navy,Relaxed,52,12.15
30,200,1002,BrandD,Cotton,Fall,Mid,Raw,Black,Slim,35,10.86
20,400,1003,BrandC,Denim,Winter,Mid,Washed,Blue,Oversized,29,12.57
10,300,3001,BrandB,Cotton,Winter,Mid,Raw,Navy,Relaxed,2,7.87
20,200,2002,BrandC,Linen,Spring,Value,Raw,Blue,Relaxed,26,14.89
10,200,3001,BrandA,Cotton,Summer,Premium,Raw,Green,Oversized,30,12.75
10,400,2002,BrandA,Denim,Summer,Premium,Distressed,Blue,Oversized,39,14.05
20,100,1002,BrandA,Silk,Fall,Value,Raw,White,Oversized,18,14.72
20,200,2001,BrandC,Polyester,Spring,Value,Washed,Green,Relaxed,16,14.5
10,100,1002,BrandA,Linen,Fall,Premium,Raw,Green,Oversized,10,11.94
30,100,1003,BrandC,Denim,Fall,Mid,Garment Dyed,Green,Relaxed,35,9.72
30,200,2001,BrandC,Silk,Fall,Premium,Distressed,Green,Oversized,23,13.17
10,400,3001,BrandA,Linen,Spring,Value,Distressed,Grey,Regular,34,12.26
30,400,3001,BrandD,Cotton,Spring,Mid,Garment Dyed,Black,Slim,26,12.69
10,300,1003,BrandB,Linen,Fall,Premium,Raw,Navy,Slim,43,8.19
30,100,2001,BrandD,Cotton,Winter,Mid,Washed,Blue,Oversized,3,18.11
30,200,2002,BrandA,Linen,Spring,Mid,Raw,Grey,Regular,2,13.87
30,100,1003,BrandC,Denim,Fall,Premium,Raw,Navy,Regular,45,13.06
30,300,3001,BrandC,Denim,Summer,Value,Garment Dyed,Red,Oversized,33,16.97
30,400,3001,BrandA,Silk,Summer,Mid,Garment Dyed,Red,Oversized,35,14.52
30,300,3001,BrandA,Polyester,Winter,Premium,Washed,Black,Slim,6,7.41
20,100,1003,BrandB,Cotton,Spring,Premium,Distressed,Grey,Relaxed,45,9.99
30,400,1003,BrandB,Polyester,Winter,Value,Raw,White,Slim,45,10.2
10,300,2001,BrandA,Linen,Winter,Premium,Garment Dyed,Black,Regular,25,11.42
30,100,2002,BrandB,Linen,Fall,Mid,Raw,White,Relaxed,35,10.6
10,300,3001,BrandA,Silk,Spring,Premium,Washed,Red,Regular,43,11.84
30,300,1003,BrandA,Denim,Spring,Premium,Raw,White,Slim,34,12.92
10,200,2002,BrandB,Cotton,Winter,Value,Distressed,Grey,Regular,10,8.67
10,100,2001,BrandC,Cotton,Spring,Premium,Raw,Red,Slim,16,12.51
30,200,1002,BrandA,Linen,Winter,Mid,Washed,Blue,Slim,31,14.24
30,200,1001,BrandB,Linen,Fall,Value,Washed,Green,Regular,13,15.89
10,400,1002,BrandB,Silk,Fall,Value,Garment Dyed,Grey,Slim,23,11.76
10,300,1001,BrandC,Polyester,Winter,Value,Washed,Green,Regular,25,13.04
20,300,1002,BrandC,Silk,Winter,Premium,Distressed,Navy,Relaxed,19,9.89
10,400,1001,BrandD,Denim,Fall,Mid,Washed,White,Regular,36,12.22
30,400,1002,BrandD,Silk,Fall,Mid,Washed,Grey,Slim,13,5.54
10,200,1002,BrandC,Linen,Summer,Premium,Distressed,Black,Regular,24,9.55
30,200,2002,BrandB,Denim,Summer,Premium,Raw,Grey,Regular,8,13.45
20,300,1001,BrandA,Cotton,Spring,Value,Garment Dyed,Navy,Oversized,35,16.54
30,400,3001,BrandC,Silk,Fall,Premium,Distressed,White,Regular,33,8.94
10,300,1001,BrandC,Linen,Winter,Value,Garment Dyed,Grey,Regular,35,15.23
10,400,2001,BrandC,Polyester,Summer,Mid,Raw,Blue,Relaxed,15,13.15
30,400,1003,BrandB,Linen,Spring,Mid,Garment Dyed,Green,Oversized,30,8.81
20,200,2002,BrandC,Linen,Spring,Mid,Raw,White,Regular,2,10.38
20,100,2001,BrandA,Linen,Spring,Mid,Distressed,Green,Oversized,50,6.6
20,400,2002,BrandC,Polyester,Summer,Mid,Washed,Grey,Slim,5,13.31
30,100,2002,BrandD,Cotton,Spring,Mid,Washed,Blue,Slim,43,12.11
20,300,3001,BrandA,Polyester,Fall,Premium,Distressed,Black,Slim,24,8.62
30,300,1003,BrandD,Cotton,Winter,Mid,Washed,Grey,Oversized,6,14.14
10,100,1002,BrandB,Linen,Spring,Premium,Distressed,Grey,Slim,42,10.96
30,200,1002,BrandB,Polyester,Winter,Value,Distressed,Blue,Regular,7,13.73
20,300,2002,BrandA,Polyester,Summer,Premium,Distressed,Grey,Oversized,42,14.61
30,200,1001,BrandB,Cotton,Spring,Value,Distressed,White,Regular,35,16.81
10,300,3001,BrandD,Polyester,Fall,Mid,Washed,Navy,Regular,23,14.9
30,400,1003,BrandA,Silk,Summer,Value,Raw,Green,Slim,52,15.4
10,100,2001,BrandC,Linen,Summer,Mid,Garment Dyed,Red,Slim,36,8.95
10,300,2001,BrandA,Silk,Fall,Mid,Raw,Green,Oversized,14,11.44
10,100,2002,BrandD,Cotton,Winter,Premium,Raw,Grey,Slim,6,11.68
10,300,1002,BrandA,Silk,Fall,Mid,Washed,Grey,Oversized,45,8.39
20,100,3001,BrandC,Linen,Summer,Value,Distressed,White,Relaxed,29,16.67
30,300,1003,BrandB,Polyester,Fall,Value,Washed,Black,Slim,14,18.15
20,400,2002,BrandB,Silk,Spring,Premium,Raw,White,Relaxed,47,7.99
10,400,3001,BrandC,Silk,Spring,Mid,Distressed,Blue,Regular,2,10.86
20,400,1002,BrandA,Denim,Summer,Premium,Washed,White,Slim,38,15.18
20,400,1001,BrandA,Linen,Spring,Mid,Garment Dyed,Black,Oversized,24,11.19
10,200,2002,BrandD,Polyester,Spring,Premium,Raw,Blue,Oversized,20,5.7
10,200,1001,BrandA,Silk,Summer,Value,Garment Dyed,Grey,Relaxed,44,11.33
30,200,2001,BrandB,Cotton,Summer,Mid,Raw,Red,Slim,18,12.81
20,300,1001,BrandD,Cotton,Winter,Premium,Garment Dyed,Grey,Relaxed,43,3.87
10,200,3001,BrandA,Cotton,Spring,Mid,Raw,Blue,Oversized,29,14.16
30,100,3001,BrandC,Polyester,Summer,Mid,Distressed,Black,Regular,45,10.13
20,200,2001,BrandB,Cotton,Winter,Mid,Garment Dyed,Black,Slim,14,12.3
20,100,2001,BrandD,Silk,Winter,Mid,Raw,Black,Relaxed,15,10.86
30,200,1003,BrandC,Silk,Winter,Mid,Garment Dyed,Red,Regular,16,10.21
20,200,2002,BrandD,Silk,Summer,Mid,Garment Dyed,Red,Relaxed,30,17.84
30,100,1003,BrandA,Denim,Spring,Value,Distressed,White,Regular,5,14.52
30,300,2002,BrandB,Cotton,Summer,Premium,Garment Dyed,Green,Slim,11,13.38
30,200,1002,BrandD,Silk,Fall,Mid,Raw,Black,Regular,17,12.9
30,100,2001,BrandC,Silk,Summer,Premium,Raw,Blue,Slim,22,6.84
10,300,1003,BrandC,Cotton,Fall,Premium,Raw,Blue,Relaxed,36,12.66
10,200,2001,BrandA,Polyester,Spring,Mid,Washed,Red,Regular,30,8.97
20,200,3001,BrandA,Silk,Summer,Mid,Distressed,Navy,Regular,6,12.1
30,200,2002,BrandD,Linen,Spring,Mid,Distressed,Black,Relaxed,18,11.2
30,200,3001,BrandA,Silk,Summer,Mid,Raw,Black,Relaxed,23,15.61
20,300,2002,BrandC,Cotton,Spring,Mid,Raw,Grey,Slim,37,13.01
20,200,2002,BrandB,Silk,Spring,Mid,Distressed,Red,Slim,11,10.98
10,300,2002,BrandD,Cotton,Winter,Mid,Distressed,Blue,Slim,30,10.09
20,100,1001,BrandD,Polyester,Spring,Premium,Raw,Navy,Regular,13,7.18
30,200,1002,BrandC,Silk,Summer,Value,Garment Dyed,Red,Regular,13,18.49
30,400,3001,BrandD,Cotton,Winter,Value,Washed,Green,Slim,11,14.24
10,200,1002,BrandC,Polyester,Winter,Value,Distressed,Red,Oversized,35,13.35
30,400,1002,BrandA,Linen,Fall,Premium,Washed,Green,Slim,49,12.2
30,300,3001,BrandA,Silk,Winter,Value,Washed,Blue,Slim,44,17.86
20,400,1003,BrandA,Polyester,Summer,Mid,Washed,Grey,Regular,45,11.19
20,200,2001,BrandA,Cotton,Fall,Premium,Garment Dyed,Green,Oversized,51,13.61
30,200,1003,BrandB,Silk,Summer,Value,Raw,Red,Slim,23,11.37
10,100,2002,BrandB,Denim,Fall,Mid,Distressed,Black,Relaxed,34,11.58
30,400,1002,BrandD,Silk,Winter,Premium,Raw,Blue,Slim,39,14.61
30,300,1003,BrandB,Polyester,Summer,Value,Raw,Black,Regular,38,16.46
30,200,1001,BrandD,Denim,Fall,Mid,Distressed,Black,Oversized,26,10.82
30,300,2001,BrandD,Silk,Summer,Value,Raw,Black,Regular,50,13.93
20,300,3001,BrandA,Silk,Fall,Value,Garment Dyed,Green,Slim,15,14.36
30,200,2002,BrandB,Silk,Winter,Value,Washed,Red,Relaxed,44,7.86
30,100,1002,BrandB,Polyester,Summer,Value,Garment Dyed,White,Slim,8,16.49
20,100,3001,BrandA,Cotton,Spring,Premium,Washed,Blue,Slim,31,9.22
20,100,2002,BrandB,Cotton,Summer,Premium,Distressed,Black,Oversized,44,9.97
10,300,1002,BrandC,Linen,Winter,Value,Garment Dyed,Navy,Relaxed,52,10.92
10,300,1001,BrandA,Linen,Fall,Mid,Washed,White,Slim,40,13.57
20,100,2001,BrandD,Silk,Spring,Mid,Washed,Grey,Oversized,23,12.69
10,200,1003,BrandC,Polyester,Summer,Value,Garment Dyed,Black,Slim,27,17.38
30,100,2002,BrandC,Polyester,Spring,Mid,Distressed,Grey,Slim,39,15.44
10,400,1003,BrandD,Linen,Summer,Mid,Washed,White,Oversized,18,9.44
30,300,1001,BrandA,Silk,Spring,Value,Garment Dyed,Red,Slim,35,11.72
10,100,1001,BrandB,Denim,Fall,Mid,Distressed,Red,Regular,18,12.14
20,300,1001,BrandA,Polyester,Winter,Mid,Distressed,Navy,Regular,7,15.41
10,200,1003,BrandC,Polyester,Spring,Mid,Garment Dyed,Navy,Oversized,39,10.28
20,300,3001,BrandB,Silk,Spring,Mid,Distressed,Red,Relaxed,24,8.89
20,200,3001,BrandD,Polyester,Spring,Value,Raw,Black,Relaxed,51,19.5
30,200,3001,BrandB,Linen,Summer,Value,Raw,Blue,Oversized,15,12.94
20,200,1002,BrandC,Denim,Spring,Premium,Garment Dyed,Black,Relaxed,13,8.6
30,400,1001,BrandD,Denim,Spring,Mid,Washed,White,Slim,19,13.11
10,100,3001,BrandC,Silk,Spring,Premium,Garment Dyed,Navy,Regular,13,8.57
10,300,1001,BrandA,Polyester,Spring,Premium,Garment Dyed,Blue,Oversized,28,10.83
30,400,1002,BrandD,Linen,Winter,Value,Distressed,Green,Slim,45,11.88
10,100,3001,BrandD,Linen,Fall,Value,Garment Dyed,Green,Regular,11,20.36
30,400,1003,BrandA,Linen,Summer,Mid,Washed,Grey,Oversized,20,19.22
10,400,1001,BrandA,Denim,Summer,Premium,Distressed,White,Regular,6,11.13
10,100,2002,BrandA,Silk,Spring,Mid,Raw,Grey,Slim,39,13.44
10,200,1003,BrandC,Polyester,Fall,Mid,Distressed,Red,Regular,23,11.04
30,100,2001,BrandA,Linen,Winter,Premium,Distressed,Navy,Regular,45,16.27
20,300,2002,BrandC,Linen,Fall,Mid,Washed,Grey,Oversized,26,10.62
20,300,2002,BrandD,Denim,Spring,Mid,Raw,White,Relaxed,33,11.75
20,200,1003,BrandD,Denim,Fall,Mid,Distressed,Black,Relaxed,35,16.59
30,300,1003,BrandB,Polyester,Summer,Premium,Garment Dyed,Blue,Slim,9,13.84
10,300,1002,BrandB,Silk,Winter,Mid,Washed,Black,Relaxed,6,10.39
10,200,3001,BrandC,Silk,Summer,Premium,Raw,Grey,Relaxed,16,7.91
30,300,2002,BrandD,Denim,Spring,Mid,Raw,White,Regular,26,14.39
20,100,1003,BrandB,Linen,Winter,Mid,Raw,Grey,Regular,29,8.76
20,100,3001,BrandD,Silk,Winter,Premium,Raw,Green,Regular,7,11.23
10,100,1001,BrandA,Denim,Winter,Premium,Raw,Green,Relaxed,49,13.72
30,100,2002,BrandB,Polyester,Winter,Premium,Distressed,Blue,Regular,2,5.69
10,200,2002,BrandC,Linen,Summer,Mid,Washed,Blue,Regular,18,13.56
10,400,2001,BrandA,Cotton,Spring,Value,Washed,Green,Oversized,45,16.24
10,200,2002,BrandA,Polyester,Fall,Value,Washed,White,Regular,15,15.01
30,100,1002,BrandC,Silk,Fall,Premium,Distressed,Green,Regular,11,2.58
30,400,1001,BrandB,Cotton,Spring,Value,Raw,Black,Relaxed,7,13.94
10,400,2001,BrandA,Cotton,Winter,Value,Garment Dyed,Navy,Regular,36,14.19
30,200,1003,BrandA,Silk,Spring,Premium,Garment Dyed,Red,Oversized,36,5.16
10,200,3001,BrandB,Linen,Winter,Value,Distressed,Grey,Slim,26,15.49
20,100,2002,BrandB,Silk,Winter,Mid,Raw,White,Slim,35,12.47
30,400,1002,BrandC,Cotton,Fall,Value,Washed,Blue,Oversized,4,14.22
10,200,1002,BrandD,Polyester,Fall,Premium,Washed,Green,Regular,9,10.77
20,100,3001,BrandA,Linen,Spring,Mid,Raw,Black,Relaxed,6,14.63
10,100,2001,BrandC,Denim,Summer,Value,Distressed,Blue,Regular,42,15.61
20,200,2001,BrandB,Cotton,Spring,Mid,Washed,Red,Relaxed,14,12.42
10,200,2002,BrandC,Linen,Spring,Mid,Garment Dyed,Black,Regular,3,12.1
30,200,1001,BrandA,Cotton,Summer,Mid,Raw,White,Regular,4,13.93
10,400,2001,BrandC,Polyester,Winter,Mid,Washed,Navy,Slim,42,13.61
30,300,1001,BrandB,Linen,Summer,Value,Distressed,Navy,Regular,3,16.56
30,400,1002,BrandA,Polyester,Winter,Premium,Garment Dyed,Blue,Relaxed,39,12.44
20,400,3001,BrandA,Denim,Summer,Mid,Distressed,Grey,Slim,30,15.19
30,400,1003,BrandC,Denim,Winter,Mid,Distressed,Navy,Relaxed,50,12.84
10,100,1003,BrandA,Denim,Spring,Value,Garment Dyed,Grey,Relaxed,26,17.03
10,200,2002,BrandB,Linen,Winter,Premium,Distressed,Grey,Slim,43,10.39
20,400,2002,BrandC,Cotton,Summer,Premium,Washed,Navy,Regular,49,13.13
10,300,3001,BrandA,Polyester,Summer,Mid,Raw,Navy,Regular,26,16.17
20,300,1002,BrandA,Linen,Spring,Premium,Raw,Green,Relaxed,9,7.81
20,300,3001,BrandC,Polyester,Winter,Value,Raw,Grey,Oversized,49,18.82
10,400,2001,BrandA,Denim,Fall,Premium,Raw,Red,Slim,1,11.22
30,200,2001,BrandC,Polyester,Summer,Premium,Distressed,Navy,Relaxed,31,10.41
20,100,1003,BrandB,Polyester,Summer,Value,Distressed,Blue,Slim,3,18.82
20,200,1001,BrandB,Linen,Spring,Premium,Washed,White,Regular,6,8.84
10,300,1003,BrandD,Polyester,Winter,Value,Garment Dyed,Grey,Oversized,2,15.38
30,100,1003,BrandC,Cotton,Summer,Value,Washed,Grey,Regular,46,16.18
30,300,1001,BrandB,Cotton,Fall,Value,Raw,Grey,Slim,21,17.72
10,200,2001,BrandB,Cotton,Summer,Premium,Garment Dyed,Blue,Regular,41,11.17
10,100,1003,BrandD,Cotton,Spring,Value,Distressed,Red,Regular,5,15.62
10,400,2002,BrandD,Cotton,Winter,Mid,Garment Dyed,Red,Oversized,50,14.33
20,300,1001,BrandB,Silk,Spring,Mid,Distressed,Blue,Slim,32,10.5
20,400,1002,BrandA,Polyester,Fall,Mid,Washed,Red,Relaxed,16,9.68
10,300,2002,BrandB,Cotton,Spring,Premium,Washed,Black,Relaxed,43,12.04
10,200,3001,BrandB,Cotton,Fall,Mid,Washed,Black,Oversized,17,11.71
10,200,2001,BrandA,Silk,Summer,Mid,Garment Dyed,Green,Relaxed,27,11.86
30,400,1003,BrandB,Silk,Fall,Premium,Washed,Blue,Relaxed,36,10.69
30,400,1001,BrandB,Cotton,Winter,Premium,Washed,Navy,Relaxed,20,6.64
10,200,1002,BrandB,Polyester,Fall,Value,Distressed,Green,Regular,32,18.59
20,400,2002,BrandC,Denim,Spring,Value,Garment Dyed,Red,Regular,46,15.23
30,200,2002,BrandD,Denim,Fall,Value,Distressed,Grey,Slim,48,11.72
30,300,1003,BrandA,Linen,Fall,Premium,Raw,White,Regular,44,10.32
30,300,1002,BrandC,Denim,Winter,Mid,Distressed,Green,Relaxed,37,11.92
20,200,1002,BrandC,Cotton,Fall,Value,Distressed,Red,Oversized,3,19.22
30,400,3001,BrandA,Silk,Winter,Mid,Distressed,Green,Slim,4,9.97
30,300,2002,BrandA,Polyester,Summer,Premium,Garment Dyed,White,Slim,17,16.4
10,200,1002,BrandC,Linen,Spring,Value,Raw,Red,Regular,44,16.56
20,300,3001,BrandC,Polyester,Winter,Premium,Garment Dyed,Navy,Regular,40,10.32
10,300,2001,BrandD,Silk,Fall,Value,Washed,Blue,Relaxed,22,14.49
20,400,1003,BrandB,Polyester,Winter,Mid,Raw,Green,Slim,8,12.43
30,300,1002,BrandA,Linen,Summer,Value,Distressed,Red,Relaxed,39,15.71
20,200,2001,BrandD,Cotton,Fall,Mid,Garment Dyed,Green,Relaxed,44,12.33
30,400,1003,BrandC,Linen,Fall,Mid,Raw,Blue,Relaxed,9,12.81
10,200,1001,BrandD,Silk,Spring,Value,Distressed,Grey,Relaxed,16,14.98
10,300,3001,BrandA,Polyester,Fall,Mid,Raw,White,Slim,41,14.22
20,300,1003,BrandD,Silk,Spring,Value,Raw,Blue,Slim,47,14.28
10,200,2001,BrandA,Silk,Fall,Premium,Distressed,White,Slim,43,13.4
10,100,3001,BrandD,Cotton,Summer,Mid,Washed,Grey,Relaxed,50,13.55
20,200,3001,BrandC,Denim,Fall,Premium,Raw,Navy,Oversized,37,10.99
30,400,1001,BrandA,Silk,Summer,Premium,Washed,Black,Oversized,49,10.13
30,100,2002,BrandA,Silk,Spring,Value,Raw,Blue,Slim,49,12.33
20,100,1001,BrandA,Cotton,Fall,Mid,Raw,Red,Relaxed,26,17.18
10,200,2001,BrandD,Denim,Spring,Value,Raw,White,Relaxed,4,18.39
10,300,1001,BrandB,Linen,Winter,Value,Distressed,Red,Relaxed,39,10.34
10,100,2001,BrandA,Silk,Spring,Mid,Washed,Grey,Slim,50,14.51
30,400,1001,BrandD,Polyester,Winter,Premium,Washed,Grey,Oversized,32,7.85
30,100,1003,BrandC,Denim,Summer,Premium,Distressed,Green,Relaxed,50,12.8
30,100,3001,BrandA,Polyester,Winter,Mid,Raw,White,Oversized,8,12.28
10,200,2001,BrandD,Cotton,Winter,Value,Garment Dyed,Navy,Regular,29,16.24
30,100,1001,BrandC,Polyester,Winter,Premium,Distressed,Blue,Relaxed,32,4.12
20,100,3001,BrandA,Polyester,Winter,Premium,Garment Dyed,Navy,Regular,52,4.6
10,400,2002,BrandD,Denim,Winter,Premium,Distressed,Black,Regular,29,16.31
20,300,2002,BrandB,Polyester,Fall,Mid,Garment Dyed,Black,Relaxed,44,8.96
10,200,3001,BrandC,Cotton,Spring,Value,Distressed,Navy,Oversized,34,18.37
10,400,1003,BrandC,Denim,Spring,Value,Distressed,Blue,Relaxed,38,16.19
30,200,2001,BrandA,Cotton,Winter,Mid,Garment Dyed,Green,Oversized,19,11.49
20,400,1003,BrandC,Cotton,Spring,Premium,Raw,Grey,Regular,1,8.63
30,100,1002,BrandA,Linen,Summer,Value,Washed,Grey,Regular,24,15.92
10,100,1003,BrandB,Linen,Fall,Premium,Garment Dyed,Blue,Relaxed,11,11.2
10,300,1002,BrandC,Cotton,Fall,Mid,Distressed,Red,Relaxed,29,15.04
20,100,3001,BrandC,Linen,Summer,Value,Washed,Grey,Relaxed,6,17.25
20,300,2001,BrandB,Cotton,Spring,Premium,Washed,Red,Regular,7,6.11
30,100,1001,BrandA,Linen,Winter,Premium,Garment Dyed,White,Regular,41,8.24
30,200,2002,BrandD,Linen,Summer,Premium,Washed,Navy,Slim,25,11.27
10,100,3001,BrandA,Cotton,Summer,Value,Distressed,Red,Slim,14,14.83
20,400,3001,BrandD,Silk,Spring,Value,Washed,White,Slim,2,8.06
30,100,1001,BrandA,Polyester,Spring,Value,Washed,Navy,Oversized,3,15.15
20,300,3001,BrandD,Silk,Winter,Premium,Distressed,Black,Oversized,49,7.78
20,200,1002,BrandC,Silk,Summer,Value,Distressed,Grey,Relaxed,45,15.43
20,200,1001,BrandD,Cotton,Spring,Value,Raw,White,Oversized,48,18.86
20,400,1002,BrandD,Denim,Winter,Mid,Raw,Grey,Relaxed,11,13.42
10,200,1001,BrandB,Cotton,Winter,Value,Distressed,Green,Slim,10,16.31
30,400,1003,BrandC,Linen,Winter,Mid,Raw,Grey,Slim,50,12.01
10,400,1002,BrandD,Silk,Summer,Value,Raw,Grey,Regular,30,10.05
20,100,2001,BrandA,Linen,Winter,Value,Garment Dyed,Navy,Oversized,18,16.36
20,400,2002,BrandC,Silk,Fall,Value,Washed,Green,Oversized,26,15.13
30,300,2002,BrandA,Cotton,Summer,Mid,Distressed,Blue,Oversized,29,15.06
30,200,3001,BrandD,Polyester,Summer,Mid,Garment Dyed,Blue,Relaxed,1,11.05
30,300,2001,BrandC,Cotton,Summer,Mid,Raw,Black,Slim,9,11.69
10,400,1001,BrandA,Polyester,Winter,Mid,Distressed,Grey,Slim,6,11.24
10,300,2002,BrandC,Denim,Summer,Premium,Washed,Black,Oversized,26,12.08
10,100,1002,BrandB,Silk,Winter,Mid,Distressed,Black,Regular,24,10.74
10,200,1001,BrandB,Linen,Spring,Value,Distressed,White,Slim,5,18.58
10,300,2001,BrandA,Denim,Spring,Mid,Distressed,Blue,Relaxed,9,11.45
30,200,1001,BrandB,Linen,Summer,Mid,Garment Dyed,Red,Slim,15,15.15
10,400,2001,BrandB,Silk,Winter,Value,Garment Dyed,Navy,Regular,37,10.22
30,100,1001,BrandC,Silk,Winter,Premium,Garment Dyed,Blue,Relaxed,41,7.7
10,200,2002,BrandB,Silk,Spring,Premium,Washed,Green,Oversized,15,10.01
10,200,2002,BrandB,Denim,Winter,Mid,Garment Dyed,White,Slim,31,8.93
10,100,1003,BrandB,Linen,Summer,Mid,Distressed,Black,Relaxed,20,13.16
20,100,1003,BrandA,Silk,Summer,Mid,Distressed,Blue,Regular,22,13.18
20,400,1002,BrandD,Silk,Spring,Premium,Garment Dyed,Blue,Slim,15,8.07
10,300,2001,BrandD,Linen,Summer,Premium,Raw,Blue,Regular,26,7.03
30,200,2001,BrandA,Linen,Summer,Mid,Garment Dyed,Blue,Relaxed,48,11.95
10,300,3001,BrandA,Denim,Winter,Value,Raw,Navy,Slim,19,15.19
30,300,2002,BrandA,Polyester,Summer,Premium,Garment Dyed,Green,Relaxed,41,10.46
20,200,3001,BrandD,Polyester,Winter,Premium,Washed,Black,Slim,10,9.86
20,300,1003,BrandB,Silk,Spring,Premium,Garment Dyed,White,Regular,11,8.44
20,100,3001,BrandC,Polyester,Winter,Mid,Raw,Blue,Regular,25,15.37
30,300,1003,BrandD,Cotton,Winter,Premium,Raw,White,Slim,30,14.2
30,200,1003,BrandD,Silk,Fall,Mid,Distressed,Navy,Oversized,48,10.5
30,100,2002,BrandA,Silk,Winter,Premium,Washed,Blue,Regular,42,3.38
10,200,1002,BrandB,Linen,Summer,Premium,Washed,Navy,Slim,48,9.88
10,400,3001,BrandB,Linen,Summer,Value,Distressed,Blue,Slim,32,15.4
20,400,1003,BrandA,Cotton,Fall,Mid,Distressed,Black,Relaxed,33,13.85
20,300,2001,BrandB,Cotton,Spring,Mid,Distressed,Grey,Relaxed,52,15.04
30,100,3001,BrandA,Silk,Summer,Premium,Distressed,Blue,Regular,20,9.11
10,200,1001,BrandC,Linen,Fall,Premium,Washed,Navy,Oversized,45,6.81
20,400,1002,BrandC,Cotton,Summer,Value,Raw,Black,Relaxed,47,17.07
30,100,2002,BrandC,Denim,Spring,Premium,Distressed,White,Relaxed,37,12.96
30,300,1003,BrandA,Cotton,Spring,Value,Distressed,Red,Slim,38,14.27
30,100,2002,BrandD,Linen,Fall,Value,Garment Dyed,Navy,Oversized,33,17.96
20,100,2002,BrandD,Denim,Winter,Mid,Raw,Navy,Oversized,48,10.89
10,100,1003,BrandD,Cotton,Summer,Mid,Raw,Grey,Slim,35,13.81
10,100,1001,BrandC,Denim,Fall,Premium,Raw,Navy,Regular,16,11.13
10,200,1002,BrandA,Polyester,Fall,Mid,Washed,Grey,Relaxed,15,10.75
10,400,2001,BrandC,Silk,Summer,Value,Washed,Blue,Slim,1,17.05
10,100,1002,BrandA,Silk,Fall,Premium,Garment Dyed,Blue,Oversized,19,3.92
10,300,2001,BrandA,Silk,Winter,Premium,Washed,Grey,Oversized,10,10.55
20,300,3001,BrandC,Cotton,Summer,Premium,Raw,Red,Relaxed,10,17.14
20,400,2002,BrandC,Silk,Summer,Premium,Distressed,White,Regular,43,11.96
30,100,1002,BrandA,Silk,Fall,Value,Washed,Green,Oversized,44,11.33
10,100,3001,BrandB,Denim,Summer,Value,Raw,Blue,Oversized,6,20.39
20,200,1003,BrandA,Linen,Spring,Value,Distressed,Black,Slim,3,18.27
10,300,3001,BrandB,Linen,Spring,Premium,Garment Dyed,Red,Relaxed,33,10.76
20,400,3001,BrandC,Denim,Summer,Value,Raw,Red,Slim,37,20.02
10,400,1003,BrandA,Denim,Summer,Mid,Garment Dyed,Blue,Oversized,13,13.4
10,300,1002,BrandC,Polyester,Spring,Mid,Garment Dyed,Blue,Oversized,36,12.52
20,100,1003,BrandC,Polyester,Spring,Premium,Washed,Navy,Regular,8,7.24
20,100,2002,BrandD,Denim,Fall,Premium,Washed,White,Relaxed,8,13.34
20,200,1001,BrandA,Denim,Summer,Premium,Distressed,Grey,Relaxed,19,15.64
20,100,2002,BrandD,Cotton,Winter,Value,Distressed,Green,Slim,17,18.13
20,400,2002,BrandA,Polyester,Winter,Premium,Raw,Blue,Relaxed,16,8.87
20,100,1003,BrandC,Silk,Winter,Premium,Distressed,Navy,Relaxed,14,6.26
30,100,3001,BrandB,Denim,Fall,Value,Distressed,Blue,Slim,4,13.14
20,200,3001,BrandC,Polyester,Fall,Mid,Washed,Red,Oversized,47,10.88
10,200,3001,BrandA,Linen,Fall,Value,Raw,Red,Regular,47,18.1
20,400,1002,BrandD,Polyester,Summer,Premium,Raw,Green,Oversized,13,7.01
30,400,1001,BrandA,Cotton,Summer,Premium,Washed,Black,Relaxed,1,14.51
20,100,1001,BrandA,Cotton,Winter,Mid,Raw,White,Slim,19,9.92
20,400,2002,BrandA,Cotton,Winter,Mid,Distressed,White,Slim,50,11.72
30,100,1003,BrandC,Silk,Summer,Premium,Garment Dyed,Navy,Oversized,30,11.99
20,100,2001,BrandA,Denim,Fall,Mid,Raw,Green,Regular,31,17.58
10,300,2002,BrandC,Linen,Spring,Mid,Washed,Blue,Oversized,7,16.73
30,300,1001,BrandA,Denim,Summer,Value,Washed,Navy,Regular,43,17.48
20,100,1003,BrandD,Linen,Summer,Premium,Garment Dyed,White,Regular,17,13.02
10,400,2001,BrandC,Linen,Summer,Premium,Garment Dyed,Navy,Slim,9,11.75
20,200,2001,BrandD,Denim,Summer,Mid,Washed,Black,Slim,39,14.16
10,200,3001,BrandB,Linen,Fall,Mid,Raw,Blue,Relaxed,31,9.99
10,200,2002,BrandD,Silk,Spring,Value,Garment Dyed,White,Slim,26,10.57
30,200,3001,BrandB,Linen,Fall,Value,Garment Dyed,White,Regular,24,17.91
20,400,2002,BrandD,Cotton,Spring,Value,Washed,Red,Regular,43,15.9
30,100,2001,BrandB,Silk,Spring,Value,Washed,Red,Relaxed,17,14.4
20,400,1002,BrandA,Denim,Winter,Premium,Raw,Grey,Relaxed,44,8.32
20,300,1001,BrandB,Denim,Fall,Premium,Washed,Grey,Oversized,21,15.57
20,100,1002,BrandC,Denim,Spring,Premium,Distressed,Grey,Oversized,3,11.8
20,100,1001,BrandC,Silk,Winter,Premium,Washed,Navy,Slim,12,5.16
10,100,2002,BrandA,Cotton,Winter,Mid,Washed,Green,Oversized,10,8.72
20,100,2001,BrandC,Linen,Winter,Premium,Washed,Blue,Slim,5,7.3
30,400,3001,BrandA,Linen,Fall,Mid,Garment Dyed,Blue,Oversized,7,10.23
20,100,1001,BrandA,Linen,Summer,Mid,Raw,Blue,Slim,4,12.08
10,100,2001,BrandD,Linen,Spring,Value,Garment Dyed,Grey,Regular,23,15.35
10,300,2001,BrandC,Polyester,Spring,Mid,Distressed,Blue,Regular,3,14.56
10,100,1002,BrandC,Linen,Fall,Premium,Distressed,Navy,Relaxed,33,10.97
20,100,1001,BrandA,Cotton,Spring,Mid,Distressed,Navy,Oversized,42,16.68
10,400,1001,BrandB,Silk,Summer,Value,Distressed,White,Regular,26,15.41
10,100,1003,BrandA,Silk,Summer,Mid,Garment Dyed,Navy,Relaxed,37,12.44
10,400,1003,BrandD,Cotton,Summer,Mid,Raw,White,Oversized,20,12.16
30,400,2002,BrandC,Denim,Winter,Premium,Garment Dyed,White,Slim,22,6.0
10,400,1001,BrandA,Polyester,Spring,Value,Washed,Black,Oversized,6,12.3
30,200,1001,BrandB,Linen,Fall,Value,Raw,Blue,Slim,31,13.84
10,300,3001,BrandA,Denim,Spring,Value,Garment Dyed,Black,Oversized,38,15.56
10,400,1003,BrandA,Linen,Winter,Premium,Garment Dyed,Black,Relaxed,35,6.86
10,100,1002,BrandB,Linen,Fall,Value,Garment Dyed,Green,Slim,34,15.64
10,400,1001,BrandB,Linen,Spring,Mid,Garment Dyed,Black,Relaxed,36,10.04
20,100,1003,BrandB,Denim,Spring,Value,Washed,Black,Oversized,4,17.1
30,400,2002,BrandA,Cotton,Summer,Premium,Raw,Black,Relaxed,16,13.89
10,300,2002,BrandA,Linen,Fall,Mid,Garment Dyed,White,Regular,36,12.4
30,100,3001,BrandC,Polyester,Fall,Value,Washed,Red,Regular,40,16.65
10,300,1003,BrandC,Silk,Fall,Value,Washed,Black,Relaxed,51,14.8
10,100,3001,BrandC,Silk,Fall,Value,Distressed,Navy,Oversized,30,11.79
10,100,3001,BrandC,Silk,Summer,Mid,Raw,Grey,Slim,23,8.64
20,400,1003,BrandA,Linen,Summer,Mid,Garment Dyed,Grey,Relaxed,17,12.99
20,400,1003,BrandD,Cotton,Summer,Mid,Garment Dyed,Grey,Regular,21,12.32
10,400,1002,BrandC,Denim,Winter,Mid,Washed,Blue,Slim,52,11.7
10,400,1001,BrandD,Cotton,Fall,Mid,Washed,Blue,Slim,46,13.3
10,300,1003,BrandD,Linen,Spring,Value,Washed,Blue,Oversized,22,13.53
30,300,3001,BrandB,Linen,Summer,Premium,Washed,Green,Regular,35,13.19
20,200,3001,BrandD,Silk,Spring,Value,Garment Dyed,Grey,Regular,23,14.79
10,100,1001,BrandC,Denim,Spring,Premium,Garment Dyed,Blue,Relaxed,27,11.03
30,400,2002,BrandA,Polyester,Spring,Value,Garment Dyed,Green,Slim,31,12.95
30,300,1002,BrandA,Cotton,Fall,Mid,Washed,Black,Oversized,31,8.82
10,200,1002,BrandB,Linen,Fall,Mid,Garment Dyed,White,Relaxed,44,16.3
20,300,2001,BrandB,Linen,Fall,Value,Washed,White,Slim,22,15.06
20,100,1003,BrandC,Polyester,Winter,Value,Washed,White,Regular,16,16.23
10,200,1002,BrandA,Silk,Winter,Value,Distressed,Green,Regular,42,15.9
20,300,1002,BrandA,Silk,Spring,Mid,Garment Dyed,Red,Regular,50,5.89
